SKU,Référence complète,Marque,Référence Courte,PVP (FCFA),Catégorie,Action Principale,Type de Peau
BOJ-GIN-CLE-210,Beauty of Joseon - Huile démaquillante au ginseng 210 ml,Beauty of Joseon,Huile démaquillante au ginseng,  20 500 ,Nettoyant,"Dissout le gras, SPF et maquillage",Tous
BOJ-GLO-MIL-150,Beauty of Joseon - Lotion tonique éclat au lait de riz 150 ml,Beauty of Joseon,Lotion tonique éclat lait de riz,  19 500 ,Toner,Hydrate et unifie le teint,Tous / Sec
BOJ-GLO-SER-30,Beauty of Joseon - Sérum éclat Propolis + Niacinamide 30 ml,Beauty of Joseon,Sérum éclat Propolis + Niacinamide,  18 500 ,Traitement,"Anti-inflammatoire et ""Glow""",Mixte / Grasse
BOJ-RAD-BAL-100,Beauty of Joseon - Baume démaquillant éclat 100 ml,Beauty of Joseon,Baume démaquillant éclat,  17 500 ,Nettoyant,Nettoyage profond et éclat,Tous
BOJ-INT-SER-30,Beauty of Joseon – Sérum éclat intense : riz + alpha-arbutine – 30 ml,Beauty of Joseon,Sérum riz + alpha-arbutine,  17 500 ,Traitement,Correction des taches pigmentaires,Tous
BOJ-PRU-CLE-100,Beauty of Joseon – Nettoyant rafraîchissant à la prune verte – 100 ml,Beauty of Joseon,Nettoyant prune verte,  14 500 ,Nettoyant,Rafraîchit et exfolie doucement,Tous
BOJ-SUN-PRO-50,Beauty of Joseon – Crème solaire apaisante : riz + probiotiques – 50 ml,Beauty of Joseon,Crème solaire riz + probiotiques,  18 500 ,Protection,Protection UV sans traces blanches,Tous
BOJ-APA-SER-30,Beauty of Joseon – Sérum apaisant : thé vert + panthénol – 30 ml,Beauty of Joseon,Sérum apaisant thé vert + panthénol,  17 500 ,Traitement,Calme les rougeurs et hydrate,Sensible
BOJ-RED-GEL-100,Beauty of Joseon – Gel hydratant à l’eau de haricot rouge – 100 ml,Beauty of Joseon,Gel hydratant haricot rouge,  18 500 ,Hydratant,Hydrate sans brillance,Grasse / Mixte
ANU-HEA-MOU-150,ANUA – Mousse nettoyante purifiante Heartleaf Quercetinol – 150 ml,Anua,Mousse nettoyante Heartleaf,  16 000 ,Nettoyant,Purifie les pores en profondeur,Grasse / Mixte
ANU-HEA-TON-150,ANUA – Lotion tonique apaisante Heartleaf 77 % – 150 ml,Anua,Lotion tonique Heartleaf 77 %,  18 000 ,Toner,Apaise et réduit les irritations,Sensible / Tous
ANU-NIA-TXA-30,ANUA – Sérum Niacinamide 10 % + TXA 4 % éclat et taches pigmentaires – 30 ml,Anua,Sérum Niacinamide 10 % + TXA 4 %,  29 500 ,Traitement,Anti-taches puissant (Eclat),Tous
ANU-PEC-SER-30,ANUA – Sérum pêche 70 % niacinamide – 30 ml,Anua,Sérum pêche 70 % niacinamide,  25 900 ,Traitement,Lisse le grain de peau et illumine,Tous
AXS-ECL-SER-50,AXIS-Y – Sérum éclat correcteur de taches pigmentaires – 50 ml,Axis-Y,Sérum éclat correcteur de taches,  17 500 ,Traitement,Estompe les cicatrices d'acné,Mixte / Grasse
AXS-ECL-TON-125,AXIS-Y – Lotion tonique éclat correctrice de taches pigmentaires – 125 ml,Axis-Y,Lotion tonique éclat correctrice,  17 500 ,Toner,Prépare la peau et unifie,Tous
AXS-SPO-DIF-15,AXIS-Y – Spot The Difference Soin local anti-imperfections – 15 ml,Axis-Y,Spot The Difference,  13 900 ,Traitement,Soin ciblé sur les boutons actifs,Grasse / Mixte
AXS-SUN-MOU-120,AXIS-Y – Sunday Morning Mousse nettoyante rafraîchissante – 120 ml,Axis-Y,Sunday Morning Mousse nettoyante,  14 500 ,Nettoyant,Nettoyage doux pH équilibré,Tous
NUB-ACT-CRM-30,NUBIANCE ACT-5 – Crème anti-imperfections  30 ml,Nubiance,ACT-5 Crème anti-imperfections,  16 500 ,Traitement,Traite acné et points noirs,Grasse / Mixte
NUB-CLE-GEL-200,NUBIANCE Cleanactyl – Gel nettoyant visage 200 ml,Nubiance,Cleanactyl Gel nettoyant,  16 500 ,Nettoyant,Purifie les peaux à imperfections,Grasse / Mixte
NUB-HRB-JOU-50,NUBIANCE HRB-3 – Soin Jour anti-taches 50 ml,Nubiance,HRB-3 Soin Jour anti-taches,  18 000 ,Traitement,Protège et unifie (Jour),Tous
NUB-HRB-SER-30,NUBIANCE HRB-3 – Sérum Éclat anti-taches aux AHA 30 ml,Nubiance,HRB-3 Sérum Éclat aux AHA,  20 900 ,Traitement,Exfolie et booste l'anti-taches,Tous
NUB-HRB-CRM-50,NUBIANCE HRB-3 – Crème éclat Anti-taches 50 ml,Nubiance,HRB-3 Crème éclat Anti-taches,  26 900 ,Traitement,Répare et unifie (Nuit),Tous
NUB-HYD-SER-30,NUBIANCE – Sérum Hydratation Intense 30 ml,Nubiance,Sérum Hydratation Intense,  20 900 ,Traitement,Hydrate les couches profondes,Tous / Sec
NUB-MIC-EAU-500,NUBIANCE Micelliance – Eau Micellaire haute tolérance 500 ml,Nubiance,Micelliance Eau Micellaire,  13 900 ,Nettoyant,Démaquille les peaux sensibles,Tous
NUB-BAU-COR-450,NUBIANCE – Baume Corps Hydratant 450 ml,Nubiance,Baume Corps Hydratant,  21 900 ,Corps,Nourrit intensément le corps,Sec / Très sec
NUB-LAI-COR-500,NUBIANCE – Lait Corps Unifiant & Hydratant 500 ml,Nubiance,Lait Corps Unifiant & Hydratant,  26 900 ,Corps,Unifie le teint du corps,Tous
CLI-CLA-LO2-200,Clinique - Lotion Exfoliante 2 200 ml,Clinique,Lotion Clarifiante 2,  24 900 ,Toner,Exfoliation douce (peaux mixtes),Mixte
CLI-DRA-GEL-50,Clinique Dramatically Different - Gel Hydratant 50 ml,Clinique,Dramatically Different Gel,  24 500 ,Hydratant,Hydratation légère non grasse,Grasse / Mixte
CLI-DRA-GEL-125,Clinique Dramatically Different - Gel Hydratant 125 ml,Clinique,Dramatically Different Gel (125ml),  40 000 ,Hydratant,Format économique hydratation,Grasse / Mixte
CLI-EXF-SCR-100,Clinique - Gommage exfoliant 100 ml,Clinique,Gommage exfoliant,  27 500 ,Nettoyant,Désincruste les pores,Tous
CLI-LIQ-SOA-200,Clinique - Savon visage liquide Doux 200 ml,Clinique,Savon visage liquide Doux,  21 900 ,Nettoyant,Nettoie sans dessécher,Tous
CLI-MOI-SUR-50,Clinique Moisture Surge - Soin auto-réhydratant 100H 50 ml,Clinique,Moisture Surge 100H,  29 900 ,Hydratant,Hydratation continue (Gel-Crème),Tous
CLI-MOI-MSK-100,Clinique Moisture Surge - Masque Hydratant nuit 100 ml,Clinique,Masque Hydratant nuit,  34 500 ,Traitement,Récupération nocturne intense,Tous / Sec
CLI-SMA-SER-30,Clinique Smart Clinical Repair - Sérum Correcteur Rides 30 ml,Clinique,Smart Clinical Repair Sérum,  70 000 ,Traitement,Corrige rides et ridules,Mature
CLI-SUN-SPF-50,Clinique Sun Smart - Crème Visage SPF40 50 ml,Clinique,Sun Smart Visage SPF40,  24 500 ,Protection,Protection solaire quotidienne,Tous
CLI-TAK-OFF-125,Clinique Take The Day Off - Démaquillant Yeux et Lèvres 125 ml,Clinique,Take The Day Off Yeux/Lèvres,  22 500 ,Nettoyant,Démaquillant biphasé puissant,Tous
CLI-ABS-LOT-200,CLINIQUE Anti-Blemish Solutions -  Lotion clarifiante anti-imperfections – 200 ml,Clinique,Anti-Blemish Lotion Clarifiante,  23 900 ,Toner,Assèche les imperfections,Grasse / Acné
CLI-ABS-MOU-125,CLINIQUE Anti-Blemish Solutions - Mousse Nettoyante anti-imperfections – 125 ml,Clinique,Anti-Blemish Mousse Nettoyante,  24 500 ,Nettoyant,Nettoyage traitant anti-acné,Grasse / Acné
CLI-AAC-SOA-200,CLINIQUE All About Clean - Savon Visage Tonique pour peau mixte à grasse – 200 ml,Clinique,All About Clean Savon Tonique,  23 500 ,Nettoyant,Purifie et tonifie,Mixte / Grasse
CLI-MEN-DEO-75,Clinique For Men - Déodorant anti-transpirant roll-on 75 ml,Clinique (Men),Déodorant roll-on,  21 900 ,Homme,Anti-transpirant haute efficacité,Homme
CLI-MEN-LOT-100,Clinique For Men - Lotion Hydratante 100 ml,Clinique (Men),Lotion Hydratante,  32 500 ,Hydratant,Hydratant quotidien basique,Homme
CLI-MEN-WAS-200,Clinique For Men - Nettoyant visage anti-brillance 200 ml,Clinique (Men),Nettoyant visage anti-brillance,  24 500 ,Nettoyant,Contrôle le sébum de l'homme,Homme / Gras
CLI-MEN-MOI-100,Clinique For Men - Crème hydratante régulatrice de sébum 100 ml,Clinique (Men),Crème régulatrice de sébum,  34 900 ,Hydratant,Matifie toute la journée,Homme / Gras
CLI-MEN-AGE-100,Clinique For Men - Crème hydratante anti-âge 100 ml,Clinique (Men),Crème hydratante anti-âge,  45 900 ,Hydratant,Prévient les signes de l'âge,Homme / Mature
CLA-DOU-GOM-125,Clarins - Doux Nettoyant Gommant Express 125 ml,Clarins,Doux Nettoyant Gommant Express,  28 900 ,Nettoyant,Nettoie et exfolie en 1 étape,Tous
CLA-HUI-TON-100,Clarins Huile Tonic Corps 100 ml,Clarins,Huile Tonic Corps,  54 900 ,Corps,Fermeté et tonus de la peau,Tous
CLA-COR-VEL-400,Clarins - Lait Corps Hydratant Velours 400 ml,Clarins,Lait Corps Hydratant Velours,  28 500 ,Corps,Hydratation satinée corps,Tous
CLA-LAI-DEM-200,Clarins - Lait Démaquillant Velours 200 ml,Clarins,Lait Démaquillant Velours,  24 900 ,Nettoyant,Démaquillage confort,Sec / Sensible
CLA-LOT-PUR-200,Clarins - Lotion tonique purifiante 200 ml,Clarins,Lotion tonique purifiante,  24 500 ,Toner,Resserre les pores,Mixte / Grasse
CLA-MYC-HAN-30,Clarins My Clarins - Crème mains 30 ml,Clarins,My Clarins Crème mains,  7 000 ,Corps,Hydratation nomade mains,Tous
BIO-AQU-CRM-50,Biotherm Aquasource - Crème hydratante 50 ml,Biotherm,Aquasource Crème hydratante,  31 000 ,Hydratant,Hydratation intense régénérante,Tous / Sec
BIO-BLU-RET-30,Biotherm Blue Retinol - Serum Nuit 30 ml,Biotherm,Blue Retinol Serum Nuit,  76 500 ,Traitement,Anti-âge puissant (Rétinol),Mature
BIO-HOM-AQU-50,Biotherm Homme - Aquapower 72h concentré hydratant 50 ml,Biotherm (Men),Aquapower 72h,  34 900 ,Hydratant,Hydratation ultra-fraîche,Homme
COL-CRI-TAP,Collistar Crio-Taping - Anticellulite Intensif Corps,Collistar,Crio-Taping Anticellulite,  36 900 ,Corps,Raffermissant et anti-capitons,Tous
COL-COR-MOI-400,Collistar - Lait Corps Hydratation Intense 400 ml,Collistar,Lait Corps Hydratation Intense,  21 000 ,Corps,Confort longue durée,Tous
COL-MAX-RAS-400,Collistar - Huile Douche Raffermissante Maxi Format 400 ml,Collistar,Huile Douche Raffermissante,  23 900 ,Hygiène,Nettoie et tonifie sous la douche,Tous
COL-MEN-AGE-50,Collistar Homme - Crème Visage Anti-Âge 50 ml,Collistar (Men),Crème Visage Anti-Âge,  33 500 ,Hydratant,Réduit les rides masculines,Homme
COL-HOM-MOI-80,Collistar Homme - Crème Hydratante 24h 80 ml,Collistar (Men),Crème Hydratante 24 h,  26 900 ,Hydratant,Protection et confort,Homme
COL-VET-SHA-250,Collistar Vetiver Forte - Gel Douche et Shampooing 250 ml,Collistar (Men),Vetiver Forte Gel Douche,  17 500 ,Hygiène,Lavant corps et cheveux parfumé,Homme
DRJ-CER-CRM-50,Dr.Jart+ Ceramidin - Crème hydratante barrière 50 ml,Dr.Jart+,Ceramidin Crème barrière,  42 900 ,Hydratant,Répare la barrière protectrice,Sec / Sensible
DRJ-CER-LOT-50,Dr.Jart+ Ceramidin - Lotion hydratant barrière 50 ml,Dr.Jart+,Ceramidin Lotion barrière,  36 500 ,Hydratant,Texture légère réparatrice,Tous / Mixte
DRJ-CIC-COR-30,Dr.Jart+ Cicapair - Crème Correctrice de Couleur SPF30 30 ml,Dr.Jart+,Cicapair Crème Correctrice,  27 500 ,Traitement,Camoufle rougeurs et protège,Sensible
DRJ-POR-SER-30,Dr.Jart+ Pore Remedy - Sérum Exfoliant PHA 30 ml,Dr.Jart+,Pore Remedy Sérum PHA,  36 500 ,Traitement,Exfoliation douce des pores,Mixte / Grasse
DRJ-VIT-MSK-75,Dr.Jart+ Vital Hydra Solution - Masque hydratant et repulpant 75 ml,Dr.Jart+,Vital Hydra Solution Masque,  29 500 ,Traitement,Masque repulpant immédiat,Tous
DE-BGO-DRO-30,Drunk Elephant B-Goldi - Gouttes lumineuses 30 ml,Drunk Elephant,B-Goldi Gouttes lumineuses,  48 500 ,Traitement,"Éclat ""champagne"" et barrière",Tous
DE-BES-CLE-60,Drunk Elephant Beste N°.9 - Gel nettoyant 60 ml,Drunk Elephant,Beste N°.9 Gel nettoyant,  22 000 ,Nettoyant,Élimine impuretés et pollution,Tous
DE-BOR-BAR-50,Drunk Elephant Bora Barrier - Crème riche réparatrice 50 ml,Drunk Elephant,Bora Barrier Crème riche,  85 900 ,Hydratant,Réparation intense peaux fragiles,Très sec
DE-LAL-RET-50,Drunk Elephant Lala Retro - Crème fouettée 50 ml,Drunk Elephant,Lala Retro Crème fouettée,  78 500 ,Hydratant,Hydratation riche et apaisante,Tous / Sec
DE-VIR-OIL-30,Drunk Elephant Virgin Marula - Huile de luxe visage 30 ml,Drunk Elephant,Virgin Marula Huile de luxe,  84 500 ,Traitement,Nutrition et antioxydant pur,Sec / Mature
LAN-SUN-MIL-100,Lancaster Sun Beauty - Lait Corps protection solaire SPF 50 100 ml,Lancaster,Sun Beauty Lait Corps SPF50,  21 900 ,Protection,Haute protection solaire corps,Tous
SDJ-BUM-BUM-75,Sol de Janeiro Brazilian Bum Bum Cream 75 ml,Sol de Janeiro,Brazilian Bum Bum Cream,  26 500 ,Corps,Raffermit et parfume le corps,Tous